"primary_keyword","secondary_keywords","search_intent","serp_type","demand_evidence","proposed_page_type","proposed_url","proposed_title","proposed_h1","conversion_goal","internal_link_sources","evidence_required","priority","status","cluster","cannibalization_risk"
"tattoo bali","get a tattoo in bali; bali tattoo; tattoo in bali; bali tattoo booking; tattoo bali 2026","transactional","mixed: listicles (Finns 16 Best; Traveloka 7 Best) + studio homepages + price blogs","WebSearch 2026-07-17: Finns/Traveloka listicles + tattoobali.com + bloodlinetattoobali.com rank; zero InkedUp presence","homepage (brand/commercial)","/","Tattoo Bali — Mobile Tattoo Concierge to Your Villa | InkedUp","Book a Verified Tattoo Artist in Bali — We Come to Your Villa","WhatsApp booking inquiry","all pages (logo/home link); /locations/*; /styles/*; /guides/*; footer","final brand title sign-off; real villa-setup photos; verifiable review count","P1","exists","core","§12(a): homepage vs /studios vs /artists all drifting toward 'tattoo bali' — homepage keeps brand/booking intent only; also shares homepage with 'tattoo concierge bali' row"
"tattoo studio bali","bali tattoo studio; tattoo shop bali; best tattoo shop bali; tattoo parlour bali","commercial","studio homepages","TNT/Mason's Ink/Celebrity Ink/Secret Arts/Bloodline studio homepages fill SERP (WebSearch)","partner directory landing","/studios","Tattoo Studios in Bali — InkedUp Verified Partners","Tattoo Studios in Bali, Vetted for Hygiene and Quality","browse studios → request booking","homepage; /locations/*; /guides/how-to-choose","real partner-studio list with addresses/reviews; vetting criteria","P2","exists","core","§12(a): differentiate from homepage — /studios = studio-directory intent; shares /studios URL with 'best tattoo studio bali' row (retarget: one page, two queries)"
"tattoo artist bali","bali tattoo artist; female tattoo artist bali; tattooist bali; bali tattoo artists portfolios","commercial","studio artist pages + marketplaces","Mason's Ink /artists roster; Westcoast Ink roster; bookanartist.co/tattoo-artists-bali; Sukay FAQ (female artist option)","artist directory landing","/artists","Tattoo Artists in Bali — Verified Portfolios | InkedUp","Meet the Tattoo Artists Serving Bali's Villas","artist profile → start booking","homepage; /styles/*; /locations/*","real artist roster, style tags, healed-work photos","P2","exists","core","§12(a): differentiate from homepage — /artists = artist-directory intent; shares /artists URL with 'best tattoo artist bali' row (retarget: one page, two queries)"
"book tattoo bali","tattoo appointment bali; book tattoo appointment bali; bali tattoo booking online; tattoo deposit bali","transactional","studio booking/contact pages + FAQs","Canggu Ink Club /booking (from Rp 1M); Two Guns FAQ (deposit); Satapak WhatsApp booking; Koloni DM booking","process landing","/how-it-works","How to Book a Tattoo in Bali — InkedUp Concierge","Booking a Tattoo in Bali: From Idea to Inked, Step by Step","start booking flow (step 1)","homepage; /pricing; /faq; /locations/*","deposit/payment policy finalized","P2","exists","core",""
"tattoo canggu","tattoo studio canggu; tattoo shop canggu; best tattoo canggu; canggu tattoo artist; tattoo near me canggu","transactional/local","studio homepages + directories + review pages","finelinetattoobali.com; Canggu Ink Club (3,421 Google reviews via directory + Trustindex page); Halfmoon; Celebrity Ink Canggu; Charlie Rose","location landing","/locations/canggu","Tattoo Canggu — Vetted Artists, In-Villa Sessions | InkedUp","Tattoo in Canggu: Book a Vetted Artist to Your Villa","WhatsApp inquiry (Canggu area)","homepage; /locations; /styles/fine-line; /guides/tattoo-aftercare-bali","artists actually covering Canggu; area-specific proof/photos","P2","exists","local","§12(b): /locations/* = local intent ('tattoo {area}'); generic mobile-service intent belongs to /mobile-tattoo-bali hub — do not swap targets"
"tattoo seminyak","tattoo studio seminyak; best tattoo seminyak; seminyak tattoo shop; tattoo artist seminyak","transactional/local","studio homepages","Mason's Ink (multiple pages); Primitive; Westcoast Ink; TNT — heavy studio SEO (WebSearch)","location landing","/locations/seminyak","Tattoo Seminyak — Vetted Artists to Your Villa | InkedUp","Tattoo in Seminyak: Premium Artists, In-Villa Sessions","WhatsApp inquiry (Seminyak)","homepage; /locations; /styles/*","artists covering Seminyak","P2","exists","local","§12(b): /locations/* = local intent ('tattoo {area}'); generic mobile-service intent belongs to /mobile-tattoo-bali hub — do not swap targets"
"tattoo kuta","tattoo studio kuta; tattoo shop kuta bali; best tattoo kuta; kuta tattoo artist","transactional/local","studio homepages + listicles","Celebrity Ink Kuta (4,530 reviews); Downunder/tattoobali.com; Anchor Tattoo (directory)","location landing","/locations/kuta","Tattoo Kuta Bali — Vetted Artists to Your Hotel or Villa","Tattoo in Kuta: Vetted Artists, Studio-Grade Hygiene at Your Stay","WhatsApp inquiry (Kuta)","homepage; /locations; /pricing","artists covering Kuta","P2","exists","local","§12(b): /locations/* = local intent ('tattoo {area}'); generic mobile-service intent belongs to /mobile-tattoo-bali hub — do not swap targets"
"tattoo legian","tattoo studio legian; tattoo shop legian; best tattoo legian bali","transactional/local","studio homepages + listicle mentions","Hustle Ink Legian (126 5-star reviews); Mex Tattoos; Rose Tattoo; Two Guns Legian","location landing","/locations/legian","Tattoo Legian — Vetted Bali Artists to Your Villa","Tattoo in Legian: Book a Vetted Artist to Your Stay","WhatsApp inquiry (Legian)","/locations; /locations/kuta; homepage","artists covering Legian; decision: separate page vs merged with Kuta","P2","proposed","local","§12(b): /locations/* = local intent ('tattoo {area}'); generic mobile-service intent belongs to /mobile-tattoo-bali hub — do not swap targets"
"tattoo ubud","tattoo studio ubud; tattoo shop ubud; bamboo tattoo ubud; best tattoo ubud","transactional/local","studio homepages + culture blogs","Ubud Ink (machine+bamboo); Quiet Ink Ubud; Bob Tattoo; Balinese-symbol blogs","location landing","/locations/ubud","Tattoo Ubud — Vetted Artists to Your Villa","Tattoo in Ubud: Vetted Artists, In-Villa Sessions","WhatsApp inquiry (Ubud)","homepage; /locations; /guides/tattoo-aftercare-bali","artists covering Ubud; whether bamboo/hand-poke is offered","P2","exists","local","§12(b): /locations/* = local intent ('tattoo {area}'); generic mobile-service intent belongs to /mobile-tattoo-bali hub — do not swap targets"
"tattoo sanur","tattoo studio sanur; tattoo shop sanur; best tattoo sanur","transactional/local","thin: one studio page + travel results","Quiet Ink Sanur page; Sanur Ink; SERP diluted with hotels (WebSearch retry)","location landing","/locations/sanur","Tattoo Sanur — Vetted Artists to Your Villa","Tattoo in Sanur: Vetted Artists, In-Villa Sessions","WhatsApp inquiry (Sanur)","homepage; /locations","artists covering Sanur","P3","exists","local","§12(b): /locations/* = local intent ('tattoo {area}'); generic mobile-service intent belongs to /mobile-tattoo-bali hub — do not swap targets"
"tattoo uluwatu","tattoo studio uluwatu; tattoo shop uluwatu; best tattoo uluwatu","transactional/local","studio homepages","Sukay Tattoo Uluwatu; Sae Collective; Uluwatu Tattoos Bali (2 locations); Zahra Ink Nusa Dua (939 reviews)","location landing","/locations/uluwatu","Tattoo Uluwatu — Vetted Artists to Your Villa","Tattoo in Uluwatu: Vetted Artists, In-Villa Sessions","WhatsApp inquiry (Uluwatu)","homepage; /locations","artists covering Uluwatu","P2","exists","local","§12(b): /locations/* = local intent ('tattoo {area}'); generic mobile-service intent belongs to /mobile-tattoo-bali hub — do not swap targets"
"tattoo nusa dua","tattoo studio nusa dua; tattoo shop nusa dua; tattoo near nusa dua resorts","transactional/local","directory rows + few studios","Zahra Ink Nusa Dua 5.0 (939) via besttattooartistbali.com/styles/japanese","location landing","/locations/nusa-dua","Tattoo Nusa Dua — Vetted Artists to Your Resort","Tattoo in Nusa Dua: Vetted Artists, In-Villa Sessions","WhatsApp inquiry (Nusa Dua)","homepage; /locations","artists covering Nusa Dua","P3","exists","local","§12(b): /locations/* = local intent ('tattoo {area}'); generic mobile-service intent belongs to /mobile-tattoo-bali hub — do not swap targets"
"tattoo jimbaran","tattoo studio jimbaran; tattoo shop jimbaran; tattoo near jimbaran bay","transactional/local","thin (no dedicated studio surfaced in this pass)","no dedicated competitor page observed; demand inferred from resort density + area coverage patterns","location landing","/locations/jimbaran","Tattoo Jimbaran — Vetted Artists to Your Villa","Tattoo in Jimbaran: Vetted Artists, In-Villa Sessions","WhatsApp inquiry (Jimbaran)","homepage; /locations","artists covering Jimbaran; thin-content risk check (only publish with real area content)","P3","exists","local","§12(b): /locations/* = local intent ('tattoo {area}'); generic mobile-service intent belongs to /mobile-tattoo-bali hub — do not swap targets"
"tattoo denpasar","tattoo studio denpasar; tattoo shop denpasar; tattoo artist denpasar","transactional/local","maps/local results dominate (weak SEO pages)","no strong dedicated SEO page observed in this pass; local-language behavior likely","location landing","/locations/denpasar","Tattoo Denpasar — Vetted Artists to Your Home or Villa","Tattoo in Denpasar: Vetted Artists, In-Home Sessions","WhatsApp inquiry (Denpasar)","/locations; homepage","artists covering Denpasar; ID-language version decision; thin-content risk check","P3","proposed","local","§12(b): /locations/* = local intent ('tattoo {area}'); generic mobile-service intent belongs to /mobile-tattoo-bali hub — do not swap targets"
"tattoo near me (Bali behavior)","tattoo shop near me; tattoo studio near me; walk in tattoo bali","transactional/local","Google Maps/Local Pack (not blue links)","finelinetattoobali.com copy explicitly targets 'tattoo near me' searchers; walk-in FAQs on Hustle Ink/Koloni","no new page — GBP + location pages + LocalBusiness schema","n/a (GBP service-area + /locations/*)","n/a","n/a","Maps/GBP actions (calls; directionless bookings)","all location pages","OWNER-VERIFY: Google Business Profile exists, service-area setup, categories, reviews","P1","proposed","local","§12(b)-related: no page — served by GBP + /locations/*; keep Maps/GBP actions separate from hub/location keyword targets"
"fine line tattoo bali","fineline tattoo bali; fine line tattoo canggu; fine line tattoo seminyak; minimalist fine line bali; fine line tattoo price bali","commercial","style-led studio homepages + price guides","Tropical Ink (fine-line-led, Seminyak & Canggu); finelinetattoobali.com; Halfmoon; Canggu Ink Club fine-line cost guide","style landing","/styles/fine-line","Fine Line Tattoo Bali — Precision Artists to Your Villa","Fine Line Tattoo in Bali: Delicate Work by Vetted Specialists","style-matched artist booking","/artists; /inspiration; /locations/canggu; /locations/seminyak; /pricing","artists with fine-line portfolios; healed fine-line photos","P2","proposed","style","§12(e): style page curates and links to artist profiles; must not duplicate artist profile portfolio content"
"cover up tattoo bali","tattoo cover up bali; cover up tattoo specialist bali; fix tattoo bali; tattoo correction bali","commercial","specialist guides + directory style page","Hustle Ink cover-up guide (+20-50%; from IDR 1.5M; award-winning specialist); besttattooartistbali.com/styles/cover-up","style landing","/styles/cover-up","Cover-Up Tattoo Bali — Fix or Transform Old Ink","Cover-Up Tattoos in Bali: Honest Assessments, Vetted Specialists","cover-up consult via WhatsApp (photo first)","/artists; /pricing; /faq","cover-up before/after portfolio; consult workflow","P2","proposed","style","§12(e): style page curates and links to artist profiles; must not duplicate artist profile portfolio content"
"japanese tattoo bali","irezumi bali; japanese tattoo artist bali; oriental tattoo bali; tebori bali","commercial","dedicated style pages","cangguinkclub.com/tattoo/japanese/; zerotattoobali.com; besttattooartistbali.com/styles/japanese (30+ studios compared)","style landing","/styles/japanese","Japanese Tattoo Bali — Irezumi Artists to Your Villa","Japanese & Irezumi Tattoo in Bali: Vetted Specialists","style-matched artist booking","/artists; /inspiration","artists with authentic Japanese-style portfolios","P2","proposed","style","§12(e): style page curates and links to artist profiles; must not duplicate artist profile portfolio content"
"black and grey tattoo bali","black and grey realism bali; blackwork tattoo bali; black and white tattoo bali","commercial","studio galleries + roster claims","finelinetattoobali.com black-and-grey gallery; Celebrity Ink black & grey; Hustle Ink specialist roster","style landing","/styles/black-and-grey","Black and Grey Tattoo Bali — Vetted Artists","Black and Grey Tattoos in Bali: Vetted Artists, Villa Sessions","style-matched artist booking","/artists; /styles/realism","portfolio proof","P3","proposed","style","§12(e): style page curates and links to artist profiles; must not duplicate artist profile portfolio content"
"realism tattoo bali","realistic tattoo bali; portrait tattoo bali; micro realism tattoo bali","commercial","studio homepages","Bloodline (realism/portrait focus); Celebrity Ink realism; Westcoast roster claims","style landing","/styles/realism","Realism Tattoo Bali — Portrait & Realistic Artists","Realism Tattoos in Bali: Vetted Portrait & Realistic Artists","style-matched artist booking","/artists; /styles/black-and-grey","portfolio proof incl. healed realism","P3","proposed","style","§12(e): style page curates and links to artist profiles; must not duplicate artist profile portfolio content"
"traditional tattoo bali","american traditional tattoo bali; old school tattoo bali; trad tattoo bali","commercial","studio style mentions + listicles","TNT (old school); Two Guns freehand/traditional mentions","style landing","/styles/traditional","Traditional Tattoo Bali — Bold Old-School Artists","American Traditional Tattoos in Bali: Vetted Artists","style-matched artist booking","/artists; /styles/neo-traditional","portfolio proof","P3","proposed","style","§12(e): style page curates and links to artist profiles; must not duplicate artist profile portfolio content"
"neo traditional tattoo bali","neo trad tattoo bali; neotraditional tattoo artist bali","commercial","sparse: studio style lists","TNT 'best neotraditional' claim; Westcoast roster (neo trad)","style landing","/styles/neo-traditional","Neo-Traditional Tattoo Bali — Vetted Artists","Neo-Traditional Tattoos in Bali: Vetted Artists","style-matched artist booking","/artists; /styles/traditional","portfolio proof; thin-demand check","P3","proposed","style","§12(e): style page curates and links to artist profiles; must not duplicate artist profile portfolio content"
"ornamental tattoo bali","mandala tattoo bali; dotwork tattoo bali; ornamental tattoo artist bali; sacred geometry tattoo bali","commercial","dedicated style-location pages","primitivetattoobali.com/mandala-tattoo-seminyak/; Two Guns ornament/geometric gallery; finelinetattoobali ornamental","style landing","/styles/ornamental","Ornamental & Mandala Tattoo Bali — Vetted Artists","Ornamental, Mandala & Dotwork Tattoos in Bali","style-matched artist booking","/artists; /styles/geometric; /locations/seminyak","portfolio proof","P3","proposed","style","§12(e): style page curates and links to artist profiles; must not duplicate artist profile portfolio content"
"geometric tattoo bali","geometric tattoo artist bali; sacred geometry bali; linework tattoo bali","commercial","studio galleries","Two Guns geometry gallery; Westcoast roster (geometric); Downunder geometric","style landing","/styles/geometric","Geometric Tattoo Bali — Vetted Artists","Geometric Tattoos in Bali: Precision Artists to Your Villa","style-matched artist booking","/artists; /styles/ornamental","portfolio proof","P3","proposed","style","§12(e): style page curates and links to artist profiles; must not duplicate artist profile portfolio content"
"minimalist tattoo bali","small tattoo bali; tiny tattoo bali; minimal tattoo bali; simple tattoo bali","commercial","style-led homepages + price guides","Tropical Ink (minimalist/micro-realism); finelinetattoobali 'small tattoo' tags; price guides for small tattoos (IDR 500K-1.5M)","style landing","/styles/minimalist","Minimalist & Small Tattoo Bali — Vetted Artists","Minimalist & Small Tattoos in Bali: What They Cost, Who to Book","style-matched artist booking","/styles/fine-line; /pricing","small-tattoo price policy (mobile minimum)","P3","proposed","style","§12(e): style page curates and links to artist profiles; must not duplicate artist profile portfolio content"
"watercolor tattoo bali","watercolour tattoo bali; watercolor tattoo artist bali","commercial","thin: gallery mentions","Canggu Tattoo Studio lists watercolor; Hendric Shinigami watercolor sleeve mention","style landing","/styles/watercolor","Watercolor Tattoo Bali — Vetted Artists","Watercolor Tattoos in Bali: Vetted Artists","style-matched artist booking","/artists; /inspiration","portfolio proof; thin-demand check","P3","proposed","style","§12(e): style page curates and links to artist profiles; must not duplicate artist profile portfolio content"
"lettering tattoo bali","script tattoo bali; lettering tattoo artist bali; quote tattoo bali; name tattoo bali","commercial","dedicated galleries","finelinetattoobali.com lettering gallery (Canggu); tatship script ideas traffic","style landing","/styles/lettering","Lettering & Script Tattoo Bali — Vetted Artists","Lettering & Script Tattoos in Bali: Vetted Artists","style-matched artist booking","/styles/fine-line; /inspiration","portfolio proof","P3","proposed","style","§12(e): style page curates and links to artist profiles; must not duplicate artist profile portfolio content"
"bamboo tattoo bali","traditional balinese tattoo; hand poke tattoo bali; hand tapped tattoo bali; sak yant bali; balinese tattoo symbols meaning","informational/commercial","specialist studios + culture blogs","ubudink.com/balinesebambootattoo; Suku Suku Tatau (hand poke/tap/bamboo); Sak Yant Kuta (Nomadicated bucket list); tattlas.com; Liberty Ink","guide + conditional style page","/guides/traditional-balinese-tattoo","Traditional Balinese & Bamboo Tattoo: Meaning, Safety, Where","Traditional Balinese & Bamboo Tattoos: What to Know Before You Book","newsletter/WhatsApp consult","/locations/ubud; /inspiration","OWNER-VERIFY: whether any InkedUp artist offers hand-poke/bamboo; cultural accuracy review","P3","proposed","style","§12(e): style page curates and links to artist profiles; must not duplicate artist profile portfolio content"
"mobile tattoo bali","villa tattoo bali; in-villa tattoo bali; tattoo home service bali; tattoo that comes to you bali; mobile tattoo artist bali; home service tattoo bali","transactional","thin: direct providers + one authority blog + counter-narrative","cometoyoutattoo.com (min 2.5M IDR/200 AUD); hendricshinigamitattoo.com villa guide (Jan 2026); Two Guns blog argues villa tattoos unsafe (objection to handle)","service hub landing","/mobile-tattoo-bali","Mobile Tattoo Bali — Studio-Grade Setup at Your Villa | InkedUp","Mobile Tattoo in Bali: The Studio Comes to You","WhatsApp inquiry","homepage; /locations/*; /safety; /how-it-works","sterile mobile protocol documentation (equipment, photos, checklist) to rebut hygiene objection","P1","proposed","service model","§12(b)+(f): hub = generic service-model intent, distinct from /locations/* local intent; do NOT create a parallel /villa-tattoo-bali — same SERP, one hub"
"private tattoo session bali","private tattoo bali; one on one tattoo session bali; discreet tattoo bali; vip tattoo bali","commercial","almost empty: 'private studio' claims only","Secret Arts 'private tattoo studio' homepage copy; no dedicated private-session page observed","section of /mobile-tattoo-bali + /how-it-works","n/a (avoid separate thin page)","n/a","n/a","WhatsApp inquiry","n/a","privacy/discretion policy details","P3","proposed","service model","§12(f)-related: lives as a section of /mobile-tattoo-bali — a separate page would duplicate the hub on the same SERP"
"tattoo concierge bali","luxury tattoo bali; tattoo butler bali; premium tattoo service bali","commercial/navigational","no exact-match competitor observed","quoted WebSearch returned only generic villa results — term unclaimed (2026-07-17)","homepage + /how-it-works phrasing","/","(covered by homepage row)","(covered by homepage row)","WhatsApp inquiry","all pages","consistent concierge phrasing sitewide","P2","exists","service model","§12(a): phrasing layer on the homepage — shares URL / with 'tattoo bali' row; one homepage serves both"
"tattoo holiday bali","tattoo package bali; tattoo retreat bali; tattoo and stay bali","commercial investigation","niche packages","tattooholidaybali.com (tattoo + villa-stay packages incl. airport transfer, Lovina)","guide or package page (later)","/guides/tattoo-holiday-bali","Tattoo Holiday in Bali: Planning a Trip Around Your Ink","How to Plan a Tattoo Holiday in Bali","WhatsApp inquiry (trip planning)","/guides/tattoo-aftercare-bali; /pricing","partnership/logistics reality (multi-day sessions, accommodation tie-ins)","P3","proposed","service model",""
"tattoo prices bali","tattoo cost bali; how much is a tattoo in bali; bali tattoo price guide; tattoo prices bali 2026; how much does a tattoo cost in bali","commercial investigation","blog price guides (5+)","Hustle Ink 2026 guide; Canggu Ink Club budget guide; Secret Arts guide; besttattooartistbali price guide; finelinetattoobali price page","commercial pricing page (single URL)","/pricing","Tattoo Prices in Bali — Transparent Rates | InkedUp","Tattoo Prices in Bali: What You'll Actually Pay","quote request via WhatsApp","homepage; /how-it-works; /faq; /styles/*","OWNER-VERIFY: real minimum charge, hourly/session rates, deposit, travel fees","P2","exists","price","§12(c): keep ONE price URL — do not create a separate price blog guide"
"small tattoo price bali","minimum charge tattoo bali; tiny tattoo cost bali; small tattoo bali minimum; cheap tattoo bali","commercial investigation","FAQ sections of price guides","besttattooartistbali (small from IDR 500K); Hustle Ink (minimums IDR 300-600K); finelinetattoobali (from 1M IDR)","/pricing section + /faq answer","/pricing","(covered by pricing row)","(covered by pricing row)","quote request","/styles/minimalist","mobile-service minimum vs studio minimums — owner pricing decision","P3","exists","price","§12(c): /pricing section + /faq answer only — no separate URL"
"tattoo hourly rate bali","day rate tattoo bali; full day tattoo session price bali; tattoo session cost bali","commercial investigation","price guides","finelinetattoobali hourly 2.4M IDR; besttattooartistbali (hourly IDR 800K-3M; full-day IDR 5M-15M); Sabian INK hourly-vs-flat explainer","/pricing section","/pricing","(covered by pricing row)","(covered by pricing row)","quote request","/pricing","real hourly/session rates","P3","exists","price","§12(c): /pricing section only — no separate URL"
"is it cheaper to get a tattoo in bali","tattoo bali vs australia price; bali tattoo cost compared; tattoo abroad bali cheap","commercial investigation","comparison articles","cangguinkclub.com country-comparison table (Bali vs Thailand vs Australia); secretartstattoo.com country pages (australia, netherlands); afterschooltattoo.com AUD comparison","guide","/guides/tattoo-cost-bali-vs-your-country","Is Getting a Tattoo in Bali Cheaper? An Honest Comparison","Is a Bali Tattoo Actually Cheaper? Costs vs Australia, UK, Europe","WhatsApp inquiry","/pricing","OWNER-VERIFY: target source markets (AU/UK/EU); current exchange-rate framing","P3","proposed","price","§12(c): comparison guide must defer to /pricing for current rates — do not duplicate the price table"
"is it safe to get a tattoo in bali","tattoo hygiene bali; safe tattoo studio bali; bali tattoo safety; tattoo infection risk bali; tattoo safety standards bali","informational (commercial undertone)","articles + dedicated studio hygiene pages","Slinky Villas safety article; Trishnanda hygiene/red-flags guide; W Ink /our-studio-hygiene; Bloodline /hygiene (OSHA/Australian WHS); Platinum /hygiene","trust/safety page","/safety","Is It Safe to Get a Tattoo in Bali? InkedUp Hygiene Standards","Tattoo Safety in Bali: Our Hygiene Protocol, Step by Step","trust → WhatsApp inquiry","homepage; /mobile-tattoo-bali; /faq; /locations/*","verifiable protocol details (single-use needles, sterilization, artist certifications); photos","P1","exists","safety/info","§12(d): /safety = is-it-safe + hygiene standards; cross-link /faq (short answers) and aftercare guide (steps) — do not duplicate"
"tattoo aftercare bali","tattoo aftercare tropical climate; tattoo healing bali; second skin tattoo bali; tattoo aftercare humidity","informational","dedicated long-form guides","Downunder aftercare guide; Tropical Ink tropical guide; W Ink aftercare; Blacklow guide; Canggu Ink Club day-by-day healing","guide","/guides/tattoo-aftercare-bali","Tattoo Aftercare in Bali: The Tropical Healing Guide","Tattoo Aftercare in Bali's Tropical Climate: Day-by-Day","aftercare-kit upsell / WhatsApp questions","/safety; /faq; /pricing; booking confirmation page","medically sound content review; aftercare kit details","P2","proposed","safety/info","§12(d): guide = aftercare steps; cross-link /safety + /faq — do not duplicate their content"
"swimming after tattoo bali","can you swim after a tattoo; ocean after new tattoo bali; pool after tattoo; beach after tattoo","informational","PAA-style answers inside guides","14-day no-submersion rule stated by Tropical Ink, W Ink, Secret Arts, Trishnanda","section of aftercare guide (anchor)","/guides/tattoo-aftercare-bali#swimming","(covered by aftercare row)","Swimming, Ocean & Pools After a Tattoo in Bali","engagement → inquiry","/faq; /locations/*","consistent medical guidance","P3","proposed","safety/info","§12(d): anchor section of the aftercare guide — no standalone page"
"sun exposure after tattoo","sunscreen on new tattoo; sunburn before tattoo appointment; sun on healing tattoo bali","informational","PAA-style answers inside guides","no sunscreen 3-4 weeks + sunburn-before-session warnings (Tropical Ink; Two Guns)","section of aftercare guide","/guides/tattoo-aftercare-bali#sun","(covered by aftercare row)","Sun, UV & Sunscreen Rules for a Healing Tattoo in Bali","engagement → inquiry","/faq","consistent medical guidance","P3","proposed","safety/info","§12(d): anchor section of the aftercare guide — no standalone page"
"when to get a tattoo during bali trip","tattoo beginning or end of bali trip; flying after tattoo; tattoo before flight; last day tattoo bali","informational","blog advice sections","Two Guns: get inked 3-4 days before leaving; Tropical Ink: book session for final days; Trishnanda flight-discomfort note","guide","/guides/when-to-get-tattooed-bali-trip","When to Get Your Tattoo During a Bali Trip (Flights, Sun, Swimming)","Timing Your Bali Tattoo: Flights, Beaches and Healing Windows","plan session via WhatsApp","/guides/tattoo-aftercare-bali; /how-it-works","touch-up policy for travelers who leave Bali","P3","proposed","safety/info","§12(d)-related: timing advice overlaps the aftercare guide — cross-link /guides/tattoo-aftercare-bali, do not duplicate sections"
"alcohol before tattoo","can you drink before a tattoo; alcohol after tattoo; drinking before tattoo bali","informational","FAQ answers inside guides","Trishnanda: avoid alcohol pre/post (thins blood, increases swelling)","/faq item","/faq","(covered by FAQ)","(covered by FAQ)","engagement","/safety","policy statement (refusal of intoxicated clients)","P3","exists","safety/info","§12(d): /faq short answer only; policy detail lives on /safety"
"tattoo infection signs","infected tattoo symptoms; tattoo infection what to do; tattoo infection bali doctor","informational","medical/clinic articles","Trishnanda red-flags article (CDC/WHO risk framing: hep B/C, HIV); aftercare IV-treatment pages","section of aftercare guide + /faq","/guides/tattoo-aftercare-bali#infection","(covered by aftercare row)","Tattoo Infection: Warning Signs and What to Do in Bali","trust → inquiry","/safety; /faq","medical review; local clinic referral info (E-E-A-T: do not give unsafe medical advice)","P3","proposed","safety/info","§12(d): anchor section of aftercare guide + /faq cross-link — no standalone page"
"age limit tattoo indonesia","legal tattoo age bali; minimum age tattoo indonesia; can a 16 year old get a tattoo in bali; parental consent tattoo bali","informational","NO Indonesia-specific authoritative result found","WebSearch returned only generic US/EU age-law articles — gap + risk","/faq item (with policy)","/faq","(covered by FAQ)","(covered by FAQ)","engagement","/safety; /terms","OWNER-VERIFY: Indonesian regulation / house policy (assume 18+ until confirmed); legal sign-off","P2","exists","safety/info","§12(d)-related: /faq short answer only; align with /terms 18+ policy and /safety — no standalone page"
"best tattoo studio bali","best tattoo shop bali; top tattoo studios bali; bali best tattoo studio 2026; best tattoo places bali","commercial investigation","listicles + directory","Finns '16 Best'; Bali Buddies 'Bali's Best Tattoo Studios In 2026'; Traveloka; Bali Done Right; besttattooartistbali.com (30+ studios compared)","directory landing (retarget /studios)","/studios","Best Tattoo Studios in Bali — Vetted by InkedUp","The Best Tattoo Studios in Bali, Vetted for You","browse → request booking","homepage; /locations/*; /reviews","verifiable vetting criteria; review data; avoid unsupported 'best' claims on own platform","P2","exists","commercial","§12(a): retarget of /studios — one URL shared with 'tattoo studio bali' row; avoid unsupported 'best' claims on own platform"
"best tattoo artist bali","best tattoo artists in bali; top tattoo artist bali; famous tattoo artist bali; best female tattoo artist bali","commercial investigation","listicles + how-to guides","Finns '16 Best Tattoo Artists'; cangguinkclub.com 'How to Find a Good Tattoo Artist Near Me in Bali'; Westcoast roster","artist directory (retarget /artists)","/artists","Best Tattoo Artists in Bali — Vetted Portfolios","Bali's Best Tattoo Artists, Vetted and Bookable","artist → booking","/styles/*; /reviews","real roster + portfolios to substantiate","P2","exists","commercial","§12(a): retarget of /artists — one URL shared with 'tattoo artist bali' row"
"tattoo bali reviews","bali tattoo studio reviews; inkedup bali reviews; tattoo reviews bali tripadvisor","commercial investigation","review aggregators + directory review pages","Trustindex page ranks for Canggu Ink Club reviews; directory review counts (Celebrity Ink 4,530); Wanderlog venue reviews","reviews/testimonials page","/reviews","InkedUp Reviews — What Bali Clients Say","Client Reviews: Tattoos Done in Villas Across Bali","trust → WhatsApp inquiry","homepage; /studios; /artists","verifiable testimonials (Google reviews import or schema-eligible reviews); do not fabricate","P2","proposed","commercial",""
"how to choose a tattoo studio in bali","how to find a good tattoo artist bali; tattoo red flags bali; what to check before tattoo bali","informational/commercial investigation","how-to guides","cangguinkclub.com how-to-find guide; Trishnanda red-flags/steps article","guide","/guides/how-to-choose-tattoo-studio-bali","How to Choose a Tattoo Studio in Bali (Red Flags & Checklist)","How to Choose a Tattoo Studio or Artist in Bali","guide → InkedUp as vetted shortcut","/safety; /reviews; /studios","vetting checklist aligned with real InkedUp process","P3","proposed","commercial",""
"bali tattoo ideas","bali tattoo inspiration; bali tattoo designs; balinese tattoo ideas; small bali tattoo ideas","informational","idea/inspiration blogs","Downunder styles guide (mandala/barong/floral); Hendric '10 Big Tattoo Ideas'; Mason's 'Bali Tattoo Ideas' blog","gallery page (retarget /inspiration)","/inspiration","Bali Tattoo Ideas — Designs, Styles & Inspiration","Bali Tattoo Ideas: Styles, Motifs and What They Mean","inspiration → consult","/styles/*; /artists","rights-cleared images; artist attribution","P3","exists","commercial",""
"tattoo artist jobs bali","tattoo artist wanted bali; work as tattoo artist bali; tattoo jobs bali; lowongan tattoo artist bali; tattoo artist vacancy bali","transactional (B2B/supply-side)","job boards (Jobstreet, Glints)","id.jobstreet.com/tattoo-artist-jobs/in-Bali (Feb 2026; Rp 8-12M/mo); Glints artist/studio-manager posts (Canggu Ink Club; Kerobokan Rp 5M)","application landing (retarget)","/studio/apply","Tattoo Artist Jobs in Bali — Join InkedUp's Artist Network","Work as a Tattoo Artist in Bali: Join InkedUp","artist application","/contact; footer","commission model, requirements, ID-language version decision","P3","exists","partnership",""
"guest artist spot bali","guest tattoo artist bali; tattoo guest spot bali; join tattoo studio bali; tattoo studio partnership bali; resident artist bali","transactional (B2B/supply-side)","almost empty locally; guest-spot pages abroad","guest-spot models observed abroad (Ikonic Berlin 30% commission; XOXO Dublin guest spots); no Bali concierge equivalent","same application landing (anchor)","/studio/apply#guest","(covered by apply row)","Guest Artist Spots in Bali: Tattoo With InkedUp","artist application","/studio/apply","guest-spot terms (commission, licensing/kitas legality for foreign artists — OWNER-VERIFY)","P3","exists","partnership",""
"book a tattoo artist bali (marketplace behavior)","hire tattoo artist bali; tattoo artist for hire bali; commission tattoo artist bali","commercial","marketplace + studios","bookanartist.co/tattoo-artists-bali marketplace ranks — direct model competitor","homepage + /how-it-works (already covered)","n/a","n/a","n/a","WhatsApp inquiry","n/a","n/a","P3","exists","partnership",""
